{
	"info": {
		"_postman_id": "f82acce8-6af3-4e60-902e-bf85f3b4000b",
		"name": "Autobooks Api",
		"schema": "https://schema.getpostman.com/json/collection/v2.1.0/collection.json"
	},
	"item": [
		{
			"name": "GetAllCustomers",
			"request": {
				"method": "GET",
				"header": [],
				"url": {
					"raw": "http://localhost:5001/api/customers",
					"protocol": "http",
					"host": [
						"localhost"
					],
					"port": "5001",
					"path": [
						"api",
						"customers"
					]
				}
			},
			"response": []
		},
		{
			"name": "GetCustomerById",
			"request": {
				"method": "GET",
				"header": [],
				"url": {
					"raw": "http://localhost:5001/api/customers/1",
					"protocol": "http",
					"host": [
						"localhost"
					],
					"port": "5001",
					"path": [
						"api",
						"customers",
						"1"
					]
				}
			},
			"response": []
		},
		{
			"name": "Add Customer",
			"request": {
				"method": "POST",
				"header": [
					{
						"key": "Content-Type",
						"name": "Content-Type",
						"value": "application/json",
						"type": "text"
					}
				],
				"body": {
					"mode": "raw",
					"raw": "{\n\t\"Name\":\"Sally\"\n}",
					"options": {
						"raw": {
							"language": "json"
						}
					}
				},
				"url": {
					"raw": "https://localhost:5001/api/customers",
					"protocol": "https",
					"host": [
						"localhost"
					],
					"port": "5001",
					"path": [
						"api",
						"customers"
					]
				}
			},
			"response": []
		},
		{
			"name": "Update Customer",
			"request": {
				"method": "PUT",
				"header": [
					{
						"key": "Content-Type",
						"name": "Content-Type",
						"value": "application/json",
						"type": "text"
					}
				],
				"body": {
					"mode": "raw",
					"raw": "{\n\t\"Name\":\"Tim\"\n}",
					"options": {
						"raw": {
							"language": "json"
						}
					}
				},
				"url": {
					"raw": "https://localhost:5001/api/customers/3",
					"protocol": "https",
					"host": [
						"localhost"
					],
					"port": "5001",
					"path": [
						"api",
						"customers",
						"3"
					]
				}
			},
			"response": []
		},
		{
			"name": "Delete Customer",
			"request": {
				"method": "DELETE",
				"header": [
					{
						"key": "Content-Type",
						"name": "Content-Type",
						"type": "text",
						"value": "application/json"
					}
				],
				"body": {
					"mode": "raw",
					"raw": "{\n\t\"Name\":\"Tim\"\n}",
					"options": {
						"raw": {
							"language": "json"
						}
					}
				},
				"url": {
					"raw": "https://localhost:5001/api/customers/3",
					"protocol": "https",
					"host": [
						"localhost"
					],
					"port": "5001",
					"path": [
						"api",
						"customers",
						"3"
					]
				}
			},
			"response": []
		},
		{
			"name": "Get Missing Integers",
			"request": {
				"method": "POST",
				"header": [
					{
						"key": "Content-Type",
						"name": "Content-Type",
						"value": "application/json",
						"type": "text"
					}
				],
				"body": {
					"mode": "raw",
					"raw": "[3, 1]",
					"options": {
						"raw": {
							"language": "json"
						}
					}
				},
				"url": {
					"raw": "https://localhost:5001/api/codingchallenge",
					"protocol": "https",
					"host": [
						"localhost"
					],
					"port": "5001",
					"path": [
						"api",
						"codingchallenge"
					]
				}
			},
			"response": []
		}
	],
	"protocolProfileBehavior": {}
}